id,title,year,categories,abstract,pdf_url,download_status,matched_terms,match_score
2505.04198v1,A Predictive Theory of Electrochemical Ostwald Ripening for Electrodeposited Lithium Metal,2025,"cond-mat.mtrl-sci, cond-mat.soft, physics.chem-ph","in this work, we present a theoretical framework that describes the evolution
of lithium nuclei under the competing effects of electroplating and surface
energy-driven redistribution (electrochemical ...",http://arxiv.org/pdf/2505.04198v1,Downloaded (2621.19 KB),"deposition, cu, battery, electrodeposition, lithium, electroplating",75
2408.00660v1,Droplet-confined electroplating for nanoscale additive manufacturing: current control of the initial stages of the growth of copper nanowires,2024,"cond-mat.mtrl-sci, cond-mat.mes-hall","droplet-confined electrodeposition enables a precise deposition of three
dimensional, nanoscopic and high purity metal structures. it aspires to
fabricate intricate microelectronic devices, metamateri...",http://arxiv.org/pdf/2408.00660v1,Downloaded (46022.45 KB),"deposition, cu, copper, electrodeposition, electroplating",62
2306.09522v1,Pressure-Induced Detour of Li$^+$ Transport during Large-Scale Electroplating of Lithium in High-Energy Lithium Metal Pouch Cells,2023,"physics.chem-ph, cond-mat.mtrl-sci","externally applied pressure impacts the performance of batteries particularly
in those undergoing large volume changes, such as lithium metal batteries. in
particular, the li$^+$ electroplating proces...",http://arxiv.org/pdf/2306.09522v1,Downloaded (1362.19 KB),"deposition, cu, battery, lithium, electroplating",62
1404.6177v1,Stable Lithium Electrodeposition in Liquid and Nanoporous Solid Electrolytes,2014,cond-mat.mtrl-sci,"rechargeable lithium, sodium, and aluminum metal-based batteries are among
the most versatile platform for high-energy, cost effective electrochemical
energy storage. non-uniform metal deposition and ...",http://arxiv.org/pdf/1404.6177v1,Downloaded (4361.39 KB),"deposition, electrodeposition, lithium",38
2307.06475v2,in situ Monitoring of Lithium Electrodeposition using Transient Grating Spectroscopy,2023,physics.app-ph,"the mechanisms of lithium electrodeposition, which overwhelmingly affect
lithium metal battery performance and safety, remain insufficiently understood
due to its electrochemical complexity. novel, no...",http://arxiv.org/pdf/2307.06475v2,Downloaded (5032.07 KB),"deposition, battery, electrodeposition, lithium",50
2001.01236v1,Strain gradient drives lithium dendrite growth from the atomic-scale simulations,2020,cond-mat.mtrl-sci,"dendrite formation is a major obstacle, such as capacity loss and short
circuit, to the next-generation high-energy-density lithium (li) metal
batteries. the development of successful li dendrite miti...",http://arxiv.org/pdf/2001.01236v1,Downloaded (1518.53 KB),"cu, copper, lithium",38
2302.10232v1,Moss-like growth of metal electrodes: On the role of competing faradaic reactions and fast-charging,2023,cond-mat.mtrl-sci,"uncontrolled crystal growth during electroreduction of reactive metals in
liquid electrolytes produces porous, low-density, mossy metal deposits that
grow primarily along the surface normal vector to ...",http://arxiv.org/pdf/2302.10232v1,Downloaded (3532.15 KB),"deposition, cu, electrodeposition, electroplating",50
2502.05809v2,Achieving electrode smoothing by controlling the nucleation phase of metal deposition through polymer-substrate binding,2025,cond-mat.mtrl-sci,"polymer additives [like polyethylene oxide (peo)] are widely used for smooth
electrode deposition in aqueous zinc and a number of other battery systems
currently investigated for energy storage applic...",http://arxiv.org/pdf/2502.05809v2,Downloaded (28610.60 KB),"deposition, cu, copper, battery, electrodeposition",62
2309.12824v1,"Direct in- and out-of-plane writing of metals on insulators by electron-beam-enabled, confined electrodeposition with submicrometer feature size",2023,"physics.app-ph, cond-mat.mtrl-sci","additive microfabrication processes based on localized electroplating enable
the one-step deposition of micro-scale metal structures with outstanding
performance, e.g. high electrical conductivity and...",http://arxiv.org/pdf/2309.12824v1,Downloaded (18599.29 KB),"deposition, cu, copper, electrodeposition, electroplating",62
1611.00969v1,Structural and electrical properties of electrodeposited single junction of cuprous (I) oxide copper,2016,cond-mat.mtrl-sci,"cuprous (i) oxide (cu_{2}o) based solar cells were fabricated with the use of
the electrodeposition technique at nanometre scale, and the structural,
morphological and electrical properties were inves...",http://arxiv.org/pdf/1611.00969v1,Downloaded (550.72 KB),"deposition, cu, copper, electrodeposition",50
1907.04441v2,Design rules for liquid crystalline electrolytes for enabling dendrite-free lithium metal batteries,2019,"physics.app-ph, physics.chem-ph","dendrite free electrodeposition of lithium metal is necessary for the
adoption of high energy density rechargeable lithium metal batteries. here, we
demonstrate a new mechanism of using a liquid cryst...",http://arxiv.org/pdf/1907.04441v2,Downloaded (4316.40 KB),"deposition, cu, electrodeposition, lithium",50
2407.05799v1,Fabrication of n+ contact on p-type high pure Ge by cathodic electrodeposition of Li and impedance analysis of n+/p diode at low temperatures,2024,"physics.app-ph, cond-mat.mtrl-sci","fabrication of diode by forming n-type electrical contact on germanium (ge)
and its ac impedance analysis is important for radiation detection in the form
of pulses. in this work lithium (li) metal ha...",http://arxiv.org/pdf/2407.05799v1,Downloaded (5030.11 KB),"deposition, cu, electrodeposition, lithium, electroplating",62
1505.05604v2,Dendrite Suppression by Shock Electrodeposition in Charged Porous Media,2015,"physics.chem-ph, cond-mat.mes-hall, cond-mat.mtrl-sci","it is shown that surface conduction can stabilize electrodeposition in
random, charged porous media at high rates, above the diffusion-limited
current. after linear sweep voltammetry and impedance spe...",http://arxiv.org/pdf/1505.05604v2,Downloaded (1720.20 KB),"deposition, cu, copper, electrodeposition",50
1609.00597v1,Influence of Cu deposition potential on the giant magnetoresistance and surface roughness of electrodeposited Ni-Co/Cu multilayers,2016,cond-mat.mtrl-sci,"it has been shown previously for electrodeposited co/cu multilayers that the
single-bath electrodeposition process can be optimized from an electrochemical
point of view in order to avoid unwanted co ...",http://arxiv.org/pdf/1609.00597v1,Downloaded (555.61 KB),"deposition, cu, electrodeposition",38
1803.01898v2,Strategic Research Grant Report: Fiber-shaped lithium-ion batteries with metallic electrodes,2018,"physics.app-ph, physics.chem-ph","we have demonstrated a fiber lithium ion battery (lib) fabricated by
co-twisting a lifepo4 composite-coated copper wire (cathode) together with an
aluminum wire (anode). an all-solid lipf6 composite l...",http://arxiv.org/pdf/1803.01898v2,Downloaded (618.27 KB),"cu, copper, battery, lithium",50
2505.03956v1,Observation of Order and Disorder in Solid-Electrolyte Interphases of Lithium-Metal Anodes,2025,"cond-mat.mtrl-sci, physics.atom-ph","battery interfaces critically influence lithium-metal battery performance
through their role in ion diffusion and dendrite formation. however, structural
characterization of these interfaces has remai...",http://arxiv.org/pdf/2505.03956v1,Downloaded (1913.14 KB),"deposition, copper, battery, lithium",50
1709.05073v3,Theory of voltammetry in charged porous media,2017,physics.chem-ph,"we couple the leaky membrane model, which describes the diffusion and
electromigration of ions in a homogenized porous medium of fixed background
charge, with butler-volmer reaction kinetics for flat ...",http://arxiv.org/pdf/1709.05073v3,Downloaded (3104.13 KB),"deposition, cu, copper, battery, electrodeposition",62
1806.09109v1,Copper underpotential deposition on boron nitride nanomesh,2018,"cond-mat.mtrl-sci, physics.app-ph","the boron nitride nanomesh is a corrugated monolayer of hexagonal boron
nitride (h-bn) on rh(111), which so far has been studied mostly under ultrahigh
vacuum conditions. here, we investigate how copp...",http://arxiv.org/pdf/1806.09109v1,Downloaded (613.68 KB),"deposition, cu, copper, electrodeposition",50
1903.09593v1,Design Principles for Self-forming Interfaces Enabling Stable Lithium Metal Anodes,2019,"physics.app-ph, physics.chem-ph","the path toward li-ion batteries with higher energy-densities will likely
involve use of thin lithium metal (li) anode (<50 $\mu$m in thickness), whose
cyclability today remains limited by dendrite fo...",http://arxiv.org/pdf/1903.09593v1,Downloaded (3124.66 KB),"deposition, cu, electrodeposition, lithium",50
2309.16006v1,Quantitative Analysis of Sodium Metal Deposition and Interphase in Na Metal Batteries,2023,physics.app-ph,"sodium-ion batteries exhibit significant promise as a viable alternative to
current lithium-ion technologies owing to their sustainability, low cost per
energy density, reliability, and safety. despit...",http://arxiv.org/pdf/2309.16006v1,Downloaded (1125.59 KB),"deposition, cu, lithium",38
2005.05375v2,Computational Investigation of Copper Phosphides as Conversion Anodes for Lithium-Ion Batteries,2020,cond-mat.mtrl-sci,"using first principles structure searching with density-functional theory
(dft) we identify a novel $fm\bar{3}m$ phase of cu$_2$p and two low-lying
metastable structures, an $i\bar{4}3d$--cu$_3$p phas...",http://arxiv.org/pdf/2005.05375v2,Downloaded (6672.15 KB),"cu, copper, battery, lithium",50
0707.0749v1,Kinetics of Electrodeposition of Silver and Copper at Template Synthesis of Nanowires,2007,"cond-mat.mes-hall, cond-mat.mtrl-sci","the results of investigation of kinetics of nanopores filling into membranes
from aluminum oxide (pore diameter - 200 nm, porosity ~ 50%) at
electrodeposition of copper and silver are described. it is...",http://arxiv.org/pdf/0707.0749v1,Downloaded (243.46 KB),"deposition, cu, copper, electrodeposition",50
1504.05799v1,Stability and surface diffusion at lithium-electrolyte interphases with connections to dendrite suppression,2015,"cond-mat.mtrl-sci, physics.comp-ph","this work presents an ab initio exploration of fundamental mechanisms with
direct relevance to dendrite formation at lithium-electrolyte interfaces.
specifically, we explore surface diffusion barriers...",http://arxiv.org/pdf/1504.05799v1,Downloaded (2372.42 KB),"deposition, battery, electrodeposition, lithium",50
1805.07551v1,Electrochemical solid-state amorphization in the immiscible Cu-Li system: Size matters,2018,cond-mat.mtrl-sci,"as a typical immiscible binary system, copper (cu) and lithium (li) show no
alloying and chemical intermixing under normal circumstances. a notable example
that takes advantages of the immiscibility b...",http://arxiv.org/pdf/1805.07551v1,Downloaded (271.14 KB),"cu, copper, lithium",38
2503.21481v1,Stress-driven whisker formation in lithium metal batteries,2025,physics.chem-ph,"lithium metal batteries are promising for next-generation high-energy-density
batteries, especially when lithium is directly plated on a current collector.
however, lithium whiskers can form in the ea...",http://arxiv.org/pdf/2503.21481v1,Downloaded (2206.57 KB),"cu, lithium, electroplating",38
2208.12902v1,Three-dimensional experimental-scale phase-field modelling of dendrite formation in rechargeable lithium-metal batteries,2022,physics.app-ph,"we perform phase-field simulations of the electrodeposition process that
forms dendrites within metal-anode batteries including anisotropic
representation. we describe the evolution of a phase field, ...",http://arxiv.org/pdf/2208.12902v1,Downloaded (39654.08 KB),"deposition, battery, electrodeposition, lithium",50
1807.04693v1,"Ni-P coatings electroplating - A review, Part I: Pure Ni-P alloy",2018,"physics.app-ph, cond-mat.mtrl-sci","in the electroplating industry ni-p coatings are extensively employed owing
to their excellent properties which enable substrate protection against
corrosion and wear. depending on their composition a...",http://arxiv.org/pdf/1807.04693v1,Downloaded (2678.48 KB),"deposition, electrodeposition, electroplating",38
2102.03962v1,Quantitatively Designing Porous Copper Current Collectors for Lithium Metal Anode,2021,cond-mat.mtrl-sci,"lithium metal has been an attractive candidate as a next generation anode
material. despite its popularity, stability issues of lithium in the liquid
electrolyte and the formation of lithium whiskers ...",http://arxiv.org/pdf/2102.03962v1,Downloaded (4383.84 KB),"deposition, cu, copper, lithium",50
2406.14079v1,Nano-Patterned Pt-Based Metallic Glass Electrocatalysts with In-Situ Copper Oxide Foam for Enhanced Hydrogen Evolution,2024,"cond-mat.mtrl-sci, physics.chem-ph","hydrogen is a promising energy carrier for replacing fossil fuels, and
hydrogen production via hydrogen evolution reaction (her) is an environmentally
friendly option if electrocatalysts with low over...",http://arxiv.org/pdf/2406.14079v1,Downloaded (2395.35 KB),"deposition, cu, copper, electrodeposition",50
1808.02105v1,Lithium Metal Penetration Induced by Electrodeposition through Solid Electrolytes: Example in Single-Crystal Li6La3ZrTaO12 Garnet,2018,cond-mat.mtrl-sci,"solid electrolytes are considered a potentially enabling component in
rechargeable batteries that use lithium metal as the negative electrode, and
thereby can safely access higher energy density than ...",http://arxiv.org/pdf/1808.02105v1,Downloaded (1183.31 KB),"deposition, cu, electrodeposition, lithium",50
2205.11723v1,Galvanic Corrosion and Electric Field in Lithium Anode Passivation Films: Effects on Self-Discharge,2022,"cond-mat.mtrl-sci, physics.chem-ph","battery interfaces help govern rate capability, safety/stability, cycle life,
and self-discharge, but significant gaps remain in our understanding at atomic
length scales that can be exploited to impr...",http://arxiv.org/pdf/2205.11723v1,Downloaded (807.70 KB),"cu, copper, battery, lithium",50
2207.06491v1,Dynamics of the lithium metal electrodeposition: Effects of a gas bubble,2022,"cond-mat.mtrl-sci, physics.chem-ph","rechargeable lithium metal batteries have been widely investigated recently,
driven by the global trend for the electrification of transportation.
understanding the dynamics of lithium metal electrode...",http://arxiv.org/pdf/2207.06491v1,Downloaded (1823.48 KB),"deposition, cu, electrodeposition, lithium",50
2008.00112v1,Kinetics of lithium electrodeposition and stripping,2020,"physics.chem-ph, cond-mat.mtrl-sci","electrodeposition and stripping are fundamental electrochemical processes for
metals and have gained importance in rechargeable li-ion batteries due to
lithium metal electrodes. the electrode kinetics...",http://arxiv.org/pdf/2008.00112v1,Downloaded (1064.35 KB),"deposition, cu, battery, electrodeposition, lithium",62
1308.6455v1,Vacuum nanogap formation in multilayer structures by an adhesion-controlled process,2013,cond-mat.mes-hall,"in this study, we regulate adhesion between thin metal films to produce a
large-area vacuum nanogap for electron tunneling. multilayer structures
comprising thin metal films with adjustable adhesion w...",http://arxiv.org/pdf/1308.6455v1,Downloaded (709.38 KB),"cu, electroplating",25
1901.05033v2,Linear stability analysis of transient electrodeposition in charged porous media: suppression of dendritic growth by surface conduction,2019,physics.chem-ph,"we study the linear stability of transient electrodeposition in a charged
random porous medium, whose pore surface charges can be of any sign, flanked by
a pair of planar metal electrodes. discretizat...",http://arxiv.org/pdf/1901.05033v2,Downloaded (4744.65 KB),"deposition, cu, copper, electrodeposition, electroplating",62
2210.16686v1,"Is Cu$_{3-x}$P a semiconductor, a metal, or a semimetal?",2022,cond-mat.mtrl-sci,"despite the recent surge in interest in cu$_{3-x}$p for catalysis, batteries,
and plasmonics, the electronic nature of cu$_{3-x}$p remains unclear. some
studies have shown evidence of semiconducting b...",http://arxiv.org/pdf/2210.16686v1,Downloaded (17980.74 KB),"deposition, cu, copper",38
2103.03921v1,Thermodynamics of Lithium Stripping and Limits for Fast Discharge in Lithium Metal Batteries,2021,"physics.chem-ph, cond-mat.mtrl-sci, physics.comp-ph","lithium metal batteries are seen as a critical piece towards electrifying
aviation. during charging, plating of lithium metal, a critical failure
mechanism, has been studied and mitigation strategies ...",http://arxiv.org/pdf/2103.03921v1,Downloaded (844.68 KB),"deposition, cu, electrodeposition, lithium",50
2208.04089v1,The mechanism of Li deposition on the Cu substrates in the anode-free Li metal batteries,2022,cond-mat.mtrl-sci,"due to the rapid growth in the demand for high-energy-density li batteries
and insufficient global li reserves, the anode-free li metal batteries are
receiving increasing attention. various strategies...",http://arxiv.org/pdf/2208.04089v1,Downloaded (2119.27 KB),"deposition, cu",25
2302.06462v1,A continuum electro-chemo-mechanical gradient theory coupled with damage: Application to Li-metal filament growth in all-solid-state batteries,2023,"cond-mat.mtrl-sci, physics.chem-ph","we formulate a continuum electro-chemo-mechanical gradient theory which
couples electrochemical reactions with mechanical deformation and damage in
solids. the framework models species transport acros...",http://arxiv.org/pdf/2302.06462v1,Downloaded (4056.53 KB),"deposition, cu, electrodeposition",38
1108.0340v1,Increased Cycling Efficiency and Rate Capability of Copper-coated Silicon Anodes in Lithium-ion Batteries,2011,cond-mat.mtrl-sci,"cycling efficiency and rate capability of porous copper-coated, amorphous
silicon thin-film negative electrodes are compared to equivalent silicon
thin-film electrodes in lithium-ion batteries. the pr...",http://arxiv.org/pdf/1108.0340v1,Downloaded (754.54 KB),"copper, lithium",25
2304.01557v1,Direct in situ determination of the surface area and structure of deposited metallic lithium within lithium metal batteries using ultra small and small angle neutron scattering,2023,cond-mat.mtrl-sci,"despite being the major cause of battery safety issues and detrimental
performance, a comprehensive growth mechanism for metallic lithium deposited at
electrode surfaces in lithium metal batteries rem...",http://arxiv.org/pdf/2304.01557v1,Downloaded (2139.96 KB),"cu, battery, lithium",38
0801.0098v1,An SERS study of the galvanostatic sequence employed for the electrochemical deposition of Copper in the fabrication of Interconnects,2007,cond-mat.mtrl-sci,"this paper reports the first study carried out by surface-enhanced raman
spectroscopy (sers) during the galvanostatic electrodeposition (ecd) of copper
from an acidic sulphate solution, in the presenc...",http://arxiv.org/pdf/0801.0098v1,Downloaded (190.96 KB),"deposition, cu, copper, electrodeposition",50
1008.3542v1,The Atomic-scale Growth of Large-Area Monolayer Graphene on Single-Crystal Copper Substrates,2010,cond-mat.mes-hall,"we study the growth and microscopic structure of large-area graphene
monolayers, grown on copper single crystals by chemical vapor deposition (cvd)
in ultra-high vacuum (uhv). using atomic-resolution ...",http://arxiv.org/pdf/1008.3542v1,Downloaded (2269.55 KB),"deposition, cu, copper",38
1610.05631v1,"Preparation, structure and giant magnetoresistance of electrodeposited Fe Co/Cu multilayers",2016,cond-mat.mtrl-sci,"no systematic studies have been carried out on the giant magnetoresistance
(gmr) of electrodeposited (ed) fe-co/cu multilayers since the elaboration of a
method for the optimization of the cu layer de...",http://arxiv.org/pdf/1610.05631v1,Downloaded (749.74 KB),"deposition, cu",25
1809.03667v1,Al-Cu-Fe quasicrystals as anode of lithium ion battery,2018,cond-mat.mtrl-sci,"in this paper, al-cu-fe quasicrystal alloy was used as anode material of
lithium-ion batteries. the first specific discharge capacity of quasicrystal
was 204mah/g. cyclic voltammetry showed that oxida...",http://arxiv.org/pdf/1809.03667v1,Downloaded (483.83 KB),"cu, battery, lithium",38
1604.04200v1,Stable artificial solid electrolyte interfaces for lithium batteries,2016,cond-mat.mtrl-sci,"a rechargeable lithium metal battery (lmb), which uses metallic lithium at
the anode, is among the most promising technologies for next generation
electrochemical energy storage devices due to its hig...",http://arxiv.org/pdf/1604.04200v1,Downloaded (1044.62 KB),"deposition, cu, battery, electrodeposition, lithium",62
2504.05612v1,High-efficiency broadband active metasurfaces via reversible metal electrodeposition,2025,"physics.optics, cond-mat.mtrl-sci, physics.app-ph","realizing active metasurfaces with substantial tunability is important for
many applications but remains challenging due to difficulties in dynamically
tuning light-matter interactions at subwavelengt...",http://arxiv.org/pdf/2504.05612v1,Downloaded (7592.75 KB),"deposition, cu, copper, electrodeposition",50
1408.4202v1,Over-limiting Current and Control of Dendritic Growth by Surface Conduction in Nanopores,2014,"physics.chem-ph, cond-mat.mes-hall, cond-mat.mtrl-sci, nlin.PS","understanding over-limiting current (faster than diffusion) is a
long-standing challenge in electrochemistry with applications in desalination
and energy storage. known mechanisms involve either chemi...",http://arxiv.org/pdf/1408.4202v1,Downloaded (4114.19 KB),"deposition, cu, copper, electrodeposition, electroplating",62
2304.11499v1,Direct in-situ measurement of electrical properties of solid electrolyte interphase on lithium metal anode,2023,cond-mat.mtrl-sci,"solid electrolyte interphase (sei), a thin layer that dynamically forms
between active electrode and electrolyte during battery operation, critically
governs the performance of rechargeable batteries1...",http://arxiv.org/pdf/2304.11499v1,Downloaded (931.67 KB),"cu, copper, battery, lithium",50
2211.10829v1,Depositing boron on Cu(111): Borophene or boride?,2022,"cond-mat.mtrl-sci, cond-mat.mes-hall, physics.app-ph","large-area single-crystal surface structures were successfully prepared on
cu(111) substrate with boron deposition, which is critical for prospective
applications. however, the proposed borophene stru...",http://arxiv.org/pdf/2211.10829v1,Downloaded (1799.93 KB),"deposition, cu, copper",38
1901.04910v1,Universal Chemomechanical Design Rules for Solid-Ion Conductors to Prevent Dendrite Formation in Lithium Metal Batteries,2019,cond-mat.mtrl-sci,"dendrite formation during electrodeposition while charging lithium metal
batteries compromises their safety. while high shear modulus solid-ion
conductors (sics) have been prioritized to resolve press...",http://arxiv.org/pdf/1901.04910v1,Downloaded (1643.65 KB),"deposition, electrodeposition, lithium",38
1301.4213v2,Surface plasmon resonance of two segmented Au Cu nanowires in polycarbonate template,2013,"cond-mat.mtrl-sci, physics.optics","two segmented gold copper nanowires were grown inside the pores of
polycarbonate track (pct) etched membranes from two separate solutions by
electrodeposition method. optical absorption spectra of two...",http://arxiv.org/pdf/1301.4213v2,Downloaded (316.10 KB),"deposition, cu, copper, electrodeposition",50
1802.00025v1,EPR Imaging of Metallic Lithium,2018,physics.chem-ph,"we present a sensitive characterization method to image the microstructure of
lithium deposits in lithium-ion battery components by conduction electron
paramagnetic resonance imaging (cepri). the vers...",http://arxiv.org/pdf/1802.00025v1,Downloaded (798.66 KB),"cu, battery, lithium",38
1412.7792v1,Cu codoping control over magnetic precipitate formation in ZnCoO nanowires,2014,cond-mat.mtrl-sci,"using electrodeposition, we have grown nanowires of zncoo with cu codoping
concentrations varying from 4-10 at.%, controlled only by the deposition
potential. we demonstrate control over magnetic co o...",http://arxiv.org/pdf/1412.7792v1,Downloaded (392.92 KB),"deposition, cu, electrodeposition",38
1704.05105v1,Structure and Giant Magnetoresistance of Electrodeposited Co/Cu Multilayers Prepared by Two-Pulse (G/P) and Three-Pulse (G/P/G) Plating,2017,cond-mat.mtrl-sci,"the giant magnetoresistance (gmr) was investigated for electrodeposited co/cu
multilayers. in order to better understand the formation of individual layers
and their influence on gmr, multilayers prod...",http://arxiv.org/pdf/1704.05105v1,Downloaded (711.69 KB),"deposition, cu",25
1805.03256v1,Phase-field simulations of lithium dendrite growth with open-source software,2018,"cond-mat.mtrl-sci, physics.chem-ph","dendrite growth is a long-standing challenge that has limited the
applications of rechargeable lithium metal electrodes. here, we developed a
grand potential based nonlinear phase-field model to study...",http://arxiv.org/pdf/1805.03256v1,Downloaded (2945.08 KB),"deposition, electrodeposition, lithium",38
2002.04843v1,Tracking the diffusion-controlled lithiation reaction of LiMn2O4 by in-situ TEM,2020,cond-mat.mtrl-sci,"spinel lithium manganese oxide (lixmn2o4) is used as an active material in
battery cathodes. it is a relatively inexpensive and environmentally friendly
material, but suffers from capacity fade during...",http://arxiv.org/pdf/2002.04843v1,Downloaded (574.05 KB),"nanotwinned, cu, battery, lithium",50
0801.0097v1,"A SERS Investigation of Cyanide Adsorption and Reactivity during the Electrodeposition of Gold, Silver and Copper from Aqueous Cyanocomplexes Solutions",2007,cond-mat.mtrl-sci,"in this paper we report on the reactivity of adsorbed cyanide deriving from
ligand release during metal electrodeposition from cyanocomplex solutions of
au(i), au(iii), ag(i) and cu(i) in h2o and d2o....",http://arxiv.org/pdf/0801.0097v1,Downloaded (779.15 KB),"deposition, cu, copper, electrodeposition",50
1805.04742v1,Influence of temperature on the strain rate sensitivity and deformation mechanisms of nanotwinned Cu,2018,cond-mat.mtrl-sci,"the mechanical behavior of nanotwinned cu was studied through indentation
creep and constant strain rate indentation tests from 25 $^\circ$c to 200
$^\circ$c. the results showed an enhanced strain rat...",http://arxiv.org/pdf/1805.04742v1,Downloaded (566.83 KB),"nanotwinned, cu",25
1801.04850v1,All-solid flexible fiber-shaped lithium ion batteries,2018,"physics.app-ph, physics.chem-ph","we propose fabrication of the fiber-shaped lithium ion batteries assembled by
twisting a cathode filament together with an anode filament. the cathode
filament is fabricated by depositing a lifepo4 (l...",http://arxiv.org/pdf/1801.04850v1,Downloaded (2473.11 KB),"deposition, cu, battery, lithium",50
2008.07710v1,Pressure-tailored lithium deposition and dissolution in lithium metal batteries,2020,"physics.app-ph, cond-mat.mtrl-sci","a porous electrode resulting from unregulated li growth is the major cause of
the low coulombic efficiency and potential safety hazards of rechargeable li
metal batteries. strategies aiming to achieve...",http://arxiv.org/pdf/2008.07710v1,Downloaded (1076.38 KB),"deposition, battery, lithium",38
2211.10361v1,Electroplating based engineering of plasmonic nanorod metamaterials for biosensing applications,2022,"physics.app-ph, physics.optics","sensing lower molecular weight in a diluted solution using a label-free
biosensor is challenging and requires a miniaturized plasmonic structure, e.g.,
a vertical au nanorod (aunr) array based metamat...",http://arxiv.org/pdf/2211.10361v1,Downloaded (1079.67 KB),"deposition, cu, electroplating",38
1712.09140v1,Enhancement of light transmission through randomly located copper nano-islands near the percolation threshold,2017,"cond-mat.mes-hall, cond-mat.dis-nn","we report the absorption/transmission properties of thin copper films
slightly below the percolation limit produced by laser ablation; these samples
show randomly positioned islands. two types of film...",http://arxiv.org/pdf/1712.09140v1,Downloaded (997.40 KB),"cu, copper",25
2411.16741v3,On the Hidden Transient Interphase in Metal Anodes: Dynamic Precipitation Controls Electrochemical Interfaces in Batteries,2024,"cond-mat.mtrl-sci, physics.chem-ph","the solid-electrolyte interphase, sei, formed on a battery electrode has been
a central area of research for decades. this thin, complex layer profoundly
impacts the electrochemical deposition morphol...",http://arxiv.org/pdf/2411.16741v3,Downloaded (1175.54 KB),"deposition, cu, battery, electrodeposition",50
1608.04136v1,Magnetoresistance and surface roughness study of the initial growth of electrodeposited Co/Cu multilayers,2016,cond-mat.mtrl-sci,"the giant magnetoresistance (gmr) effect has been widely investigated on
electrodeposited ferromagnetic/non-magnetic (fm/nm) multilayers generally
containing a large number of bilayers. in most applic...",http://arxiv.org/pdf/1608.04136v1,Downloaded (399.23 KB),"deposition, cu, electrodeposition",38
1405.4559v2,Atomistic Kinetic Monte Carlo Simulations of Polycrystalline Copper Electrodeposition,2014,"physics.chem-ph, cond-mat.mtrl-sci, physics.comp-ph","a high-fidelity kinetic monte carlo (kmc) simulation method (t.
treeratanaphitak, m. pritzker, n. m. abukhdeir, electrochim. acta 121 (2014)
407--414) using the semi-empirical multi-body embedded-atom...",http://arxiv.org/pdf/1405.4559v2,Downloaded (4294.79 KB),"deposition, copper, electrodeposition",38
2301.04018v1,Origin of heterogeneous stripping of lithium in liquid electrolytes,2023,physics.chem-ph,"lithium metal batteries suffer from low cycle life. during discharge, parts
of the lithium are not stripped reversibly and remain isolated from the current
collector. this isolated lithium is trapped ...",http://arxiv.org/pdf/2301.04018v1,Downloaded (4509.36 KB),"cu, lithium",25
1704.03038v1,"Cubine, a superconducting 2-dimensional copper-bismuth nano sheet",2017,cond-mat.mtrl-sci,"we report on the discovery of a 2-dimensional copper-bismuth nano sheet from
\textit{ab initio} calculations, which we call cubine. according to our
predictions, single layers of cubine can be isolate...",http://arxiv.org/pdf/1704.03038v1,Downloaded (5645.79 KB),"cu, copper, lithium",38
2108.11081v1,Selective copper recovery from ammoniacal waste streams using a systematic biosorption process,2021,physics.app-ph,"cu-nh3 bearing effluents arise from electroplating and metal extraction
industries, requiring innovative and sustainable cu recovery technologies to
reduce their adverse environmental impact. co32- an...",http://arxiv.org/pdf/2108.11081v1,Downloaded (763.09 KB),"cu, copper, electroplating",38
2006.03635v1,Underpotential electroless deposition of metals on polyaniline,2020,physics.app-ph,"a novel technique to deposit metals on highly conjugated polyaniline films
has been developed. in general, electrodeposition of metals, having low
reduction potential, from aqueous solution, is diffic...",http://arxiv.org/pdf/2006.03635v1,Downloaded (337.54 KB),"deposition, cu, electrodeposition",38
1207.3479v1,Surface plasmon resonance of Cu nanowires in polycarbonate template,2012,"cond-mat.mes-hall, cond-mat.mtrl-sci","the cu nanowires were electrodeposited in polycarbonate track-etched (pct)
membrane. sem, tem and xps techniques were used to characterize the morphology,
structure and size of nanowires as well as ch...",http://arxiv.org/pdf/1207.3479v1,Downloaded (778.39 KB),"cu, copper",25
2004.12804v1,Novel one-step electrophoretic deposition of membrane-electrode assembly for flexible-batteries application,2020,"physics.app-ph, cond-mat.mtrl-sci","wearable electronic devices and gadgets raise the need for flexible, thin and
lightweight batteries. in this article we present for the first time, a unique,
single-step method for the preparation of ...",http://arxiv.org/pdf/2004.12804v1,Downloaded (1559.44 KB),"deposition, cu, battery, lithium",50
1412.2031v1,"Oxidation of copper during physical sputtering deposition: mechanism, avoidance and utilization",2014,cond-mat.mtrl-sci,"in this paper, oxidation of cu during physical sputtering deposition in a
high purity and low pressure ar atmosphere without introducing o2 gas flow was
studied systemically. it was found that various...",http://arxiv.org/pdf/1412.2031v1,Downloaded (864.36 KB),"deposition, cu, copper",38
2502.08292v3,Navigating chemical design spaces for metal-ion batteries via machine-learning-guided phase-field simulations,2025,"cond-mat.mtrl-sci, physics.comp-ph","metal anodes provide the highest energy density in batteries. however, they
still suffer from electrode/electrolyte interface side reactions and dendrite
growth, especially under fast-charging conditi...",http://arxiv.org/pdf/2502.08292v3,Downloaded (9192.04 KB),"deposition, electrodeposition, lithium",38
2301.00971v2,Second Harmonic Generation in Chemical Vapor Deposition Synthesized CuS Crystals,2023,cond-mat.mtrl-sci,"copper sulfide (cus) has garnered significant attention in various fields of
application due to its unique electronic, optical, and catalytic features. in
this study, we present the chemical vapor dep...",http://arxiv.org/pdf/2301.00971v2,Downloaded (1849.90 KB),"deposition, cu, copper",38
2309.15291v1,Lithium plating induced degradation during fast charging of batteries subjected to compressive loading,2023,"cond-mat.mtrl-sci, physics.app-ph","we report the lithium plating associated capacity loss during fast charging
of compressively loaded lithium-ion batteries (libs). the charging and
discharging of lib under compressive loading during s...",http://arxiv.org/pdf/2309.15291v1,Downloaded (1877.37 KB),lithium,12
1702.01065v1,Giant magnetoresistance and structure of electrodeposited Co/Cu multilayers: the influence of layer thicknesses and Cu deposition potential,2017,cond-mat.mtrl-sci,"the giant magnetoresistance (gmr) and structure was investigated for
electrodeposited co/cu multilayers prepared by a conventional
galvanostatic/potentiostatic pulse combination from a pure sulfate el...",http://arxiv.org/pdf/1702.01065v1,Downloaded (463.32 KB),"deposition, cu",25
2210.07678v1,Direct Reuse of Aluminium and Copper Current Collectors from Spent Lithium-ion Batteries,2022,physics.chem-ph,"the ever-increasing number of spent lithium-ion batteries (libs) has
presented a serious waste-management challenge. aluminium and copper current
collectors are important components in libs and take u...",http://arxiv.org/pdf/2210.07678v1,Downloaded (2481.43 KB),"cu, copper, lithium",38
2211.01010v1,One-Step Formation of Plasmonic Cu Nanodomains in p-Type Cu$_2$O Matrix Films for Enhanced Photoconversion of n-ZnO/p-Cu$_2$O Heterojunctions,2022,"physics.app-ph, cond-mat.mtrl-sci","plasmonic cu nanoparticles were in-situ grown into a cu$_2$o semiconductor
matrix by using reactive magnetron sputtering and adjusting the amount of
oxygen available during the synthesis in order to p...",http://arxiv.org/pdf/2211.01010v1,Downloaded (2034.88 KB),"deposition, cu, copper",38
2204.11631v1,Suppressing chemical corrosions of lithium metal anodes,2022,"cond-mat.mtrl-sci, physics.chem-ph","the lithium (li) metal anode is essential for next generation high energy
density rechargeable li metal batteries. although extensive studies have been
performed to prolong the cycle life of li metal ...",http://arxiv.org/pdf/2204.11631v1,Downloaded (1239.75 KB),"cu, lithium",25
1811.07446v1,Carbon nanotube-copper fibers produced by electrospinning: electrical conductivity measurements,2018,physics.app-ph,"recent advances in nanotechnology have provided new materials which have the
potential to surpass copper and aluminum alloys in electrical conductivity,
weight and ampacity [2-6]. among these carbon n...",http://arxiv.org/pdf/1811.07446v1,Downloaded (382.62 KB),"deposition, cu, copper",38
1809.00450v1,Atomic and electronic structure of graphene oxide/Cu interface,2018,"cond-mat.mtrl-sci, cond-mat.mes-hall, physics.chem-ph, physics.comp-ph","the results of x-ray photoemission (xps) and valence bands spectroscopy,
optically stimulated electron emission (osee) measurements and density
functional theory based modeling of graphene oxide (go) ...",http://arxiv.org/pdf/1809.00450v1,Downloaded (1155.24 KB),"deposition, cu, copper",38
1507.02334v1,How Voltage Drops are Manifested by Lithium Ion Configurations at Interfaces and in Thin Films on Battery Electrodes,2015,"cond-mat.mtrl-sci, physics.chem-ph","battery electrode surfaces are generally coated with electronically
insulating solid films of thickness 1-50 nm. both electrons and li+ can move at
the electrode-surface film interface in response to ...",http://arxiv.org/pdf/1507.02334v1,Downloaded (4538.50 KB),"deposition, cu, battery, electrodeposition, lithium",62
1804.03262v3,Correlation of Structure and Stress in Electroplated Thick Ni Films,2018,physics.app-ph,"here we report the evolution of ni stress in electroplated ni films and
investigate its origins as a function of electroplating time. first, low stress
200-nm-thick ti / 200-nm thick ni seed layers ar...",http://arxiv.org/pdf/1804.03262v3,Failed: HTTP Error 404: Not Found,"cu, electroplating",25
2310.16202v2,Existence of solution to a system of PDEs modeling the crystal growth inside lithium batteries,2023,"math.AP, cond-mat.mtrl-sci, cs.NA, math.NA, 35Q74, 35Q56 (primary), 35Q92, 78A57 (secondary), G.1.8; G.1.10; J.2","we study a model for lithium (li) electrodeposition on li-metal electrodes
that leads to dendritic pattern formation. the model comprises of a system of
three coupled pdes, taking the form of an allen...",http://arxiv.org/pdf/2310.16202v2,Downloaded (1575.84 KB),"deposition, electrodeposition, lithium",38
1609.06280v1,Magnetoresistance and surface roughness study of electrodeposited Ni50Co50/Cu multilayers,2016,cond-mat.mtrl-sci,"room-temperature transport properties (the zero-field resistivity, \rho 0,
and the gmr) were studied for ed ni50co50/cu multilayers as a function of the
individual layer thicknesses and total multilay...",http://arxiv.org/pdf/1609.06280v1,Downloaded (322.06 KB),"deposition, cu",25
2011.13281v1,Crossover between re-nucleation and dendritic growth in electrodeposition without supporting electrolyte,2020,"cond-mat.mes-hall, nlin.PS, physics.chem-ph","this work focuses on the microstructure of metallic deposits formed by
galvanostatic electrodeposition inside a hele-shaw cell without both supporting
electrolyte and flow. for a low applied current d...",http://arxiv.org/pdf/2011.13281v1,Downloaded (2429.59 KB),"deposition, cu, copper, electrodeposition",50
2310.12506v1,"Comparison of the Resistivities of Nanostructured Films Made from Silver, Copper-Silver and Copper Nanoparticle and Nanowire Suspensions",2023,"physics.app-ph, cond-mat.mtrl-sci","spray deposition and inkjet printing of various nanostructures are emerging
complementary methods for creating conductive coatings on different substrates.
in comparison to established deposition tech...",http://arxiv.org/pdf/2310.12506v1,Downloaded (1031.00 KB),"deposition, cu, copper",38
1307.6785v1,Control of Intermolecular Bonds by Deposition Rates at Room Temperature: Hydrogen Bonds versus Metal Coordination in Trinitrile Monolayers,2013,cond-mat.mtrl-sci,"self-assembled monolayers of 1,3,5-tris(4'-biphenyl-4""-carbonitrile)benzene,
a large functional trinitrile molecule, on the (111) surfaces of copper and
silver under ultrahigh vacuum conditions were s...",http://arxiv.org/pdf/1307.6785v1,Downloaded (740.64 KB),"deposition, cu, copper",38
2001.03295v1,A barrier/seed system for electroless metallization on complex surfaces using (aminomethylaminoethyl)phenethyltrimethoxysilane self-assembled films,2020,"physics.app-ph, cond-mat.mtrl-sci","high frequency signals propagate along the edges of conductors. if the
conductors are electroplated, then the seed layer forms at least one edge, so
care must be taken to insure the electrical quality...",http://arxiv.org/pdf/2001.03295v1,Downloaded (678.37 KB),"deposition, copper",25
1311.6029v1,Strong Enhancement of Thermal Properties of Copper Films after Chemical Vapor Deposition of Graphene,2013,cond-mat.mtrl-sci,"we demonstrated that chemical vapor deposition of graphene on cu films
strongly enhances their thermal diffusivity and thermal conductivity.
deposition of graphene increases the thermal conductivity o...",http://arxiv.org/pdf/1311.6029v1,Downloaded (923.63 KB),"deposition, cu, copper",38
1508.04920v1,Sputtering based epitaxial growth and modeling of Cu/Si thin films,2015,cond-mat.mtrl-sci,"epitaxial copper thin films were deposited by magnetron sputtering. the
adatoms during deposition are influenced by deposition parameters which cause
variations in thin film properties. xrd and fesem ...",http://arxiv.org/pdf/1508.04920v1,Downloaded (381.54 KB),"deposition, cu, copper",38
2201.08074v1,Evaluation of the Thermal Stability of TiW/Cu Heterojunctions Using a Combined SXPS and HAXPES Approach,2022,cond-mat.mtrl-sci,"power semiconductor device architectures require the inclusion of a diffusion
barrier to suppress, or at best prevent the interdiffusion between the copper
metallisation interconnects and the surround...",http://arxiv.org/pdf/2201.08074v1,Downloaded (12368.00 KB),"cu, copper",25
2412.19376v1,Guidelines for Correlative Imaging and Analysis of Reactive Lithium Metal Battery Materials,2024,cond-mat.mtrl-sci,"to unlock the full potential of lithium metal batteries, a deep understanding
of lithium metal reactivity and its solid electrolyte interphase is essential.
correlative imaging, combining focused ion ...",http://arxiv.org/pdf/2412.19376v1,Downloaded (1701.26 KB),"deposition, cu, battery, lithium",50
1905.00584v2,Demonstration of Sputtering Atomic Layer Augmented Deposition (SALAD): Aluminum Oxide-Copper Dielectric-Metal Nanocomposite,2019,physics.app-ph,"designing a thin film structure often begins with choosing a film deposition
method that employs a specific primary process by which chemical species are
formed and transported. in other words, a film...",http://arxiv.org/pdf/1905.00584v2,Downloaded (845.86 KB),"deposition, cu, copper",38
1706.05929v1,Unwanted electroless zinc plating on current collectors in zinc air batteries,2017,cond-mat.mtrl-sci,"the occurrence of metallic film deposition without external power supply on
the copper current collector of a zinc air battery half-cell containing zinc
slurry is investigated. therefore, test specime...",http://arxiv.org/pdf/1706.05929v1,Downloaded (1071.64 KB),"deposition, cu, copper, battery",50
1606.06363v1,In situ AFM Observations of Li-Oxygen Electrochemical Reactions,2016,cond-mat.mtrl-sci,"the morphologies of crystalline lithium peroxide (li2o2) discharge products
in li-o2 batteries have been shown to exhibit a dependency on subtle variations
within the battery cell-operating environmen...",http://arxiv.org/pdf/1606.06363v1,Downloaded (1232.10 KB),"deposition, battery, lithium",38
2110.13727v1,Novel Lithium-Sulfur Polymer Battery Operating at Moderate Temperature,2021,"physics.app-ph, cond-mat.mtrl-sci","a safe lithium-sulfur (li-s) battery employs a composite polymer electrolyte
based on a poly(ethylene glycol) dimethyl ether (pegdme) solid at room
temperature. the electrolyte membrane enables a stab...",http://arxiv.org/pdf/2110.13727v1,Downloaded (1044.01 KB),"deposition, cu, battery, lithium",50
1909.03250v1,Synergistic Effect of One- and Two-dimensional Connected Coral-like Li$_{6.25}$Al$_{0.25}$La$_3$Zr$_2$O$_{12}$ in PEO-Based Composite Solid State Electrolyte,2019,"physics.chem-ph, physics.app-ph","as one of the most promising next-generation energy storage device, lithium
metal batteries have been extensively investigated. however, the poor safety
issue and undesired lithium dendrites growth hi...",http://arxiv.org/pdf/1909.03250v1,Downloaded (1779.57 KB),"deposition, cu, lithium",38
0712.1009v1,The CH3SH molecule deposited on Cu(111) and deprotonation,2007,cond-mat.mtrl-sci,"we demonstrate for the first time that when a methanethiol adsorbed on the
regular cu(111) surface, the dissociative structure is thermodynamically more
stable than the intact one. the computational r...",http://arxiv.org/pdf/0712.1009v1,Downloaded (332.36 KB),"cu, copper",25
1702.04009v1,Nanoscale Solid State Batteries Enabled By Thermal Atomic Layer Deposition of a Lithium Polyphosphazene Solid State Electrolyte,2017,physics.chem-ph,"several active areas of research in novel energy storage technologies,
including three-dimensional solid state batteries and passivation coatings for
reactive battery electrode components, require con...",http://arxiv.org/pdf/1702.04009v1,Downloaded (3051.92 KB),"deposition, cu, battery, lithium",50
2007.15756v1,Marcus-Hush-Chidsey Kinetics at Electrode-Electrolyte Interfaces,2020,physics.chem-ph,"electrochemical kinetics at electrode-electrolyte interfaces limit
performance of devices including fuel cells and batteries. while the importance
of moving beyond butler-volmer kinetics and incorpora...",http://arxiv.org/pdf/2007.15756v1,Downloaded (651.65 KB),"deposition, cu, electrodeposition",38
1401.4444v1,Mesoscopic Models of Plants Composed of Metallic Nanowires,2013,cond-mat.mtrl-sci,"various metallic structures of complex shape resembling living plant
organisms (biomimetics) are produced as a result of selfassembly of nanowires
growing on porous membranes in the course of pulse cu...",http://arxiv.org/pdf/1401.4444v1,Downloaded (10491.74 KB),"deposition, cu, electrodeposition, electroplating",50
1711.07579v1,Characterisation of p-type ZnS:Cu transparent conducting films fabricated by high-temperature pulsed laser deposition,2017,cond-mat.mtrl-sci,"copper-doped zinc sulphide (zns:cu) thin films were synthesized through
pulsed laser ablation in an inert background gas on stationary and rotating
substrates, and a comprehensive opto-electrical char...",http://arxiv.org/pdf/1711.07579v1,Downloaded (2815.00 KB),"deposition, cu, copper",38
1806.09003v1,Kinetics-Controlled Degradation Reactions at Crystalline LiPON/Li(x)CoO(2) and Crystalline LiPON/Li-metal Interfaces,2018,cond-mat.mtrl-sci,"detailed understanding of solid-solid interface structure-function relations
is critical for the improvement and wide deployment of all solid-state
batteries. the interfaces between lithium phosphorou...",http://arxiv.org/pdf/1806.09003v1,Downloaded (569.11 KB),"deposition, cu, battery, lithium",50
2205.05615v1,Effect of substrate temperature on the optoelectronic properties of DC magnetron sputtered copper oxide films,2022,cond-mat.mtrl-sci,"copper oxide thin films are deposited on quartz substrates by dc magnetron
sputtering and the effect of deposition temperature on their optoelectronic
properties is examined in detail. scanning electr...",http://arxiv.org/pdf/2205.05615v1,Downloaded (553.93 KB),"deposition, cu, copper",38
2010.02608v1,Li4-xGe1-xPxO4 a potential solid-state electrolyte for all-oxide microbatteries,2020,"cond-mat.mtrl-sci, physics.app-ph","solid-state electrolytes for li-ion batteries are attracting growing interest
as they allow building safer batteries, also using lithium metal anodes. here
we studied a compound in the lithium superio...",http://arxiv.org/pdf/2010.02608v1,Downloaded (1557.54 KB),"deposition, cu, lithium",38
2502.01422v1,Accelerated recrystallization of nanocrystalline films as a manifestation of the inner size effect of the diffusion coefficient,2025,"cond-mat.mtrl-sci, physics.bio-ph","this paper is devoted to studying the recrystallization of 100 nm thick
polycrystalline films of copper and silver. it is found that in copper films
deposited by the thermal evaporation method onto a ...",http://arxiv.org/pdf/2502.01422v1,Downloaded (947.20 KB),"cu, copper",25
2002.06634v1,Investigating the role of Cu foil orientation in the growth of large BN films synthesized by reactive RF magnetron sputtering,2020,"cond-mat.mtrl-sci, physics.app-ph","two dimensional materials are an emerging class of materials which is
transforming the present day research activity on a phenomenal scale. hexagonal
boron nitride is a wide band gap 2d material which...",http://arxiv.org/pdf/2002.06634v1,Downloaded (1297.03 KB),"deposition, cu, copper",38
1607.01960v1,Temperature dependence of the electrical resistivity and the anisotropic magnetoresistance (AMR) of electrodeposited Ni Co alloys,2016,cond-mat.mtrl-sci,"the electrical resistivity and the anisotropic magnetoresistance (amr) was
investigated for ni co alloys at and below room temperature. the ni co alloy
layers having a thickness of about 2 um were pre...",http://arxiv.org/pdf/1607.01960v1,Downloaded (345.12 KB),"deposition, cu, electrodeposition",38
1108.3888v1,Structure and magnetic properties of nanostructured Pd-Fe thin films produced by pulse electrodeposition,2011,cond-mat.mtrl-sci,"nanostructured pd-fe thin films with varied fe content were prepared by
electrodeposition technique from organic electrolytes on cu and brass
substrates. the structure and the magnetic properties of t...",http://arxiv.org/pdf/1108.3888v1,Downloaded (554.48 KB),"deposition, cu, electrodeposition",38
1612.00314v1,Intra-wire coupling in segmented Ni/Cu nanowires deposited by electrodeposition,2016,cond-mat.mtrl-sci,"segmented magnetic nanowires are a promising route for the development of
three dimensional data storage techniques. such devices require a control of
the coercive field and the coupling mechanisms be...",http://arxiv.org/pdf/1612.00314v1,Downloaded (1827.59 KB),"deposition, cu, electrodeposition",38
2405.02046v1,Cu$_x$Al$_{1-x}$ films as Alternatives to Copper for Advanced Interconnect Metallization,2024,cond-mat.mtrl-sci,"cu$_x$al$_{1-x}$ thin films with $0.2 \le x \le 0.7$ have been studied as
potential alternatives for the metallization of advanced interconnects.
first-principles simulations were used to obtain the c...",http://arxiv.org/pdf/2405.02046v1,Downloaded (1367.29 KB),"deposition, cu, copper",38
0210139v1,A Novel Predictive Tool in Nanoengineering: Straightforward Estimation of Superconformal Filling Efficiency,2002,cond-mat.mtrl-sci,"it is shown that the superconformal filling (scf) efficiency
($\epsilon_{scf}$) of nano-scale cavities can be rationalized in terms of
relevant physical and geometric parameters. based on extensive nu...",http://arxiv.org/pdf/cond-mat/0210139v1,Downloaded (166.39 KB),copper,12
2206.05115v1,Surface engineering for ultrathin metal anodes enabling high-performance Zn-ion batteries,2022,"cond-mat.mtrl-sci, physics.app-ph","zn metal battery has been considered a promising alternative energy storage
technology in renewable energy storage and grid storage. it is well-known that
the surface orientation of a zn metal anode i...",http://arxiv.org/pdf/2206.05115v1,Downloaded (3784.83 KB),"cu, battery",25
0902.1672v1,Reverse depth profiling of electrodeposited Co/Cu multilayers by SNMS,2009,cond-mat.mtrl-sci,"the overall quality of multilayer thin films prepared by electrodeposition is
strongly influenced by the surface and interface roughness which increases with
the layer number. for that very reason the...",http://arxiv.org/pdf/0902.1672v1,Downloaded (46.97 KB),"deposition, cu, electrodeposition",38
1208.5608v1,The control of graphene double-layer formation in copper-catalyzed chemical vapor deposition,2012,cond-mat.mes-hall,"the growth of graphene during cu-catalyzed chemical vapor deposition was
studied using 12ch4 and 13ch4 precursor gasses. we suggest that the growth
begins by the formation of a multilayer cluster. thi...",http://arxiv.org/pdf/1208.5608v1,Downloaded (533.58 KB),"deposition, cu, copper",38
1701.06057v1,High-Yield Proximity-Induced Chemical Vapor Deposition of Graphene Over Millimeter-Sized Hexagonal Boron Nitride,2017,cond-mat.mtrl-sci,"we present a transfer-free preparation method for graphene on hexagonal boron
nitride (h-bn) crystals by chemical vapor deposition of graphene via a
catalytic proximity effect, i.e. activated by a cu ...",http://arxiv.org/pdf/1701.06057v1,Downloaded (1844.34 KB),"deposition, cu, copper",38
1808.06786v1,Cu:ZnO deposited on porous ceramic substrates by a simple thermal method for photocatalytic application,2018,physics.chem-ph,"thin films of undoped zinc oxide (zno) and doped zno with copper were
deposited on ceramic pellets made from abundant local clay materials with an
addition of zirconia (zro2). the thin layers were pre...",http://arxiv.org/pdf/1808.06786v1,Downloaded (618.99 KB),"cu, copper",25
2501.05659v1,Atomic-resolution structural and spectroscopic evidence for the synthetic realization of two-dimensional copper boride,2025,"cond-mat.mtrl-sci, cond-mat.mes-hall","since the first realization of borophene on ag(111), two-dimensional (2d)
boron nanomaterials have attracted significant interest due to their
polymorphic diversity and potential for hosting solid-sta...",http://arxiv.org/pdf/2501.05659v1,Downloaded (14969.95 KB),"deposition, cu, copper",38
2106.10979v2,Self-healing mechanism of lithium in lithium metal batteries,2021,"cond-mat.mtrl-sci, physics.comp-ph","li metal is an ideal anode material for use in state-of-the-art secondary
batteries. however, li-dendrite growth is a safety concern and results in low
coulombic efficiency, which significantly restri...",http://arxiv.org/pdf/2106.10979v2,Downloaded (6083.31 KB),"deposition, cu, lithium",38
1307.6621v1,Rate-dependent morphology of Li2O2 growth in Li-O2 batteries,2013,"physics.chem-ph, cond-mat.mes-hall, cond-mat.mtrl-sci","compact solid discharge products enable energy storage devices with high
gravimetric and volumetric energy densities, but solid deposits on active
surfaces can disturb charge transport and induce mech...",http://arxiv.org/pdf/1307.6621v1,Downloaded (1363.69 KB),"cu, lithium",25
1401.8089v1,Interaction between graphene and copper substrate: The role of lattice orientation,2014,cond-mat.mes-hall,"we present a comprehensive study of graphene grown by chemical vapor
deposition on copper single crystals with exposed (100), (110) and (111) faces.
direct examination of the as-grown graphene by rama...",http://arxiv.org/pdf/1401.8089v1,Downloaded (4022.55 KB),"deposition, cu, copper",38
2210.06946v1,Industrial graphene coating of low-voltage copper wires for power distribution,2022,"physics.app-ph, eess.SP","copper (cu) is the electrical conductor of choice in many categories of
electrical wiring, with household and building installations being the major
market of this metal. this work demonstrates the co...",http://arxiv.org/pdf/2210.06946v1,Downloaded (2638.97 KB),"deposition, cu, copper",38
2203.08609v3,The Sabatier principle for Battery Anodes: Chemical Kinetics and Reversible Electrodeposition at Heterointerfaces,2022,"physics.chem-ph, cond-mat.mtrl-sci","how surface chemistry influences reactions occurring thereupon has been a
long-standing question of broad scientific and technological interest for
centuries. recently, it has re-emerged as a critical...",http://arxiv.org/pdf/2203.08609v3,Downloaded (22330.90 KB),"deposition, cu, battery, electrodeposition",50
0105483v1,Roughness Scaling in Cyclical Surface Growth,2001,"cond-mat.stat-mech, cond-mat.mtrl-sci","the scaling behavior of cyclical growth (e.g. cycles of alternating
deposition and desorption primary processes) is investigated theoretically and
probed experimentally. the scaling approach to kineti...",http://arxiv.org/pdf/cond-mat/0105483v1,Downloaded (310.26 KB),"deposition, electrodeposition",25
1704.00913v1,Electrodeposition of Ni from Various Non-Aqueous Media: The Case of Alcoholic Solutions,2017,cond-mat.mtrl-sci,"although electrodeposition from aqueous media has been widely used to obtain
metallic deposits, there are cases where the application of non-aqueous
solutions offers advantages over the traditional ba...",http://arxiv.org/pdf/1704.00913v1,Downloaded (713.96 KB),"deposition, electrodeposition",25
2210.12131v1,Understanding The Reversible Electrodeposition of Al in Low-Cost Room Temperature Molten Salts,2022,"physics.app-ph, cond-mat.mtrl-sci","aluminum is the most earth-abundant metal, is trivalent, is inert in ambient
humid air, and has a density approximately four-times that of lithium at room
temperature. these attributes make it an attr...",http://arxiv.org/pdf/2210.12131v1,Downloaded (2787.30 KB),"deposition, battery, electrodeposition, lithium",50
2408.13090v1,Direct observation of structural phase transformations during continuous phosphorus deposition on Cu(111),2024,"cond-mat.mtrl-sci, cond-mat.mes-hall","blue phosphorene -- two-dimensional, hexagonal-structured, semiconducting
phosphorus -- has gained attention as it is considered easier to synthesize on
metal surfaces than its allotrope, black phosph...",http://arxiv.org/pdf/2408.13090v1,Downloaded (1110.38 KB),"deposition, cu, copper",38
2203.05501v1,Modeling of porous lithium metal electrodes: turning the Li-dendrite problem around,2022,"cond-mat.mtrl-sci, cond-mat.mes-hall","the properties of rechargeable lithium-ion batteries are determined by the
electrochemical and kinetic properties of their constituent materials as well
as by their underlying microstructure. microstr...",http://arxiv.org/pdf/2203.05501v1,Downloaded (8389.00 KB),"deposition, cu, battery, lithium",50
1210.1995v1,Using atomic layer deposition to hinder solvent decomposition in lithium ion batteries: first principles modeling and experimental studies,2012,cond-mat.mtrl-sci,"passivating lithium ion battery electrode surfaces to prevent electrolyte
decomposition is critical for battery operations. recent work on conformal
atomic layer deposition (ald) coating of anodes and...",http://arxiv.org/pdf/1210.1995v1,Downloaded (3105.59 KB),"deposition, cu, battery, lithium",50
1901.02606v1,Copper atomic contacts exposed to water molecules,2019,physics.chem-ph,"monatomic and molecular hydrogen and also oxygen, as well as water molecules
and oh that are exposed to atomic copper in intimate contact have been studied
theoretically using computational methods. t...",http://arxiv.org/pdf/1901.02606v1,Downloaded (561.43 KB),"cu, copper",25
2110.00714v1,Reversible Structural Transition of Two-Dimensional Copper Selenide on Cu(111),2021,"cond-mat.mtrl-sci, cond-mat.mes-hall","structural engineering opens a door to manipulating the structures and thus
tuning the properties of two-dimensional materials. here, we report a
reversible structural transition in honeycomb cuse mon...",http://arxiv.org/pdf/2110.00714v1,Downloaded (505.36 KB),"deposition, cu, copper",38
2402.02751v2,Tantalum electrodeposition using a nanoporous anodic alumina template and a nanostructured gold/nickel-chromium glass-ceramic substrate,2024,"physics.app-ph, cond-mat.mtrl-sci","electrodeposition of tantalum coating was performed from an ionic liquid,
bmp[tf2n], in the presence of dissolved anhydrous taf5 and lif. superficial
x-ray photoelectron spectroscopy supplemented by a...",http://arxiv.org/pdf/2402.02751v2,Downloaded (726.48 KB),"deposition, electrodeposition",25
1507.03249v1,Indirect Spin Exchange Interaction in Substituted Copper Phthalocyanine Crystalline Thin Films,2015,cond-mat.mtrl-sci,"the origins of indirect spin exchange in crystalline thin films of copper
octabutoxy phthalocyanine (cu-obpc) are investigated using magnetic circular
dichroism (mcd) spectroscopy. these studies are m...",http://arxiv.org/pdf/1507.03249v1,Downloaded (517.97 KB),"deposition, cu, copper",38
1702.07816v1,Compressive mechanical response of graphene foams and their thermal resistance with copper interfaces,2017,cond-mat.mtrl-sci,"we report compressive mechanical response of graphene foams (gfs) and the
thermal resistance ($r_{tim}$) between copper (cu) and gfs, where gfs were
prepared by the chemical vapor deposition (cvd) met...",http://arxiv.org/pdf/1702.07816v1,Downloaded (1508.92 KB),"deposition, cu, copper",38
1706.10178v1,Two-Dimensional h-BN and MoS2 as Diffusion Barriers for Ultra-Scaled Copper Interconnects,2017,cond-mat.mtrl-sci,"copper interconnects in modern integrated circuits require ultra-thin
barriers to prevent intermixing of cu with surrounding dielectric materials.
conventional barriers rely on metals like tan, howeve...",http://arxiv.org/pdf/1706.10178v1,Downloaded (1089.42 KB),"cu, copper",25
1703.00266v1,"Spatially-resolved, substrate-induced rectification in C$_{60}$ bilayers on copper",2017,cond-mat.mes-hall,"we demonstrate rectification ratios ($rr$) of $\gtrsim$1000 at biases of
1.3~v in bilayers of \buck deposited on copper. using scanning tunneling
spectroscopy and first-principles calculations, we sho...",http://arxiv.org/pdf/1703.00266v1,Downloaded (1856.76 KB),"cu, copper",25
1305.5754v1,Non-destructive and Rapid Evaluation of CVD Graphene by Dark Field Optical Microscopy,2013,cond-mat.mtrl-sci,"non-destructive and rapid evaluation of graphene directly on the growth
substrate (cu foils) by dark field (df) optical microscopy is demonstrated.
without any additional treatment, graphene on cu foi...",http://arxiv.org/pdf/1305.5754v1,Downloaded (1472.64 KB),"deposition, cu, copper",38
1606.02985v2,Anomalous electronic heat capacity of copper nanowires at sub-kelvin temperatures,2016,cond-mat.mes-hall,"we have measured the electronic heat capacity of thin film nanowires of
copper and silver at temperatures 0.1 - 0.3 k; the films were deposited by
standard electron-beam evaporation. the specific heat...",http://arxiv.org/pdf/1606.02985v2,Downloaded (4200.96 KB),"cu, copper",25
2201.04947v2,Template-assisted growth of silver nanowires by electrodeposition,2021,"cond-mat.mtrl-sci, cond-mat.mes-hall","template-assisted synthesis is a facile way of growing various
one-dimensional nanostructures. among various nanoporous templates, anodic
aluminium oxide (aao) is most commonly used. in this work, the...",http://arxiv.org/pdf/2201.04947v2,Downloaded (329.58 KB),"deposition, cu, electrodeposition",38
1011.1683v5,Raman and optical characterization of multilayer turbostratic graphene grown via chemical vapor deposition,2010,"cond-mat.mtrl-sci, cond-mat.mes-hall","we synthesize large-area graphene via atmospheric-pressure (ap) chemical
vapor deposition (cvd) on copper, and transfer to sio2 wafers. in contrast to
low-pressure (lp) cvd on copper, optical contrast...",http://arxiv.org/pdf/1011.1683v5,Downloaded (5129.87 KB),"deposition, cu, copper",38
1403.3546v1,Influence of Chemisorbed Oxygen on the Growth of Graphene on Cu(100) by Chemical Vapor Deposition,2014,cond-mat.mtrl-sci,"understanding the influence that copper substrate surface symmetry and oxygen
impurities have on the growth of graphene by chemical vapor deposition is
important for developing techniques for producin...",http://arxiv.org/pdf/1403.3546v1,Downloaded (1799.25 KB),"deposition, cu, copper",38
2305.19580v1,Monofluorinated Ether Electrolyte with Acetal Backbone for High-Performance Lithium Metal Batteries,2023,"cond-mat.mtrl-sci, physics.chem-ph","high degree of fluorination for ether electrolytes has resulted in improved
cycling stability of lithium metal batteries (lmbs) due to stable sei formation
and good oxidative stability. however, the s...",http://arxiv.org/pdf/2305.19580v1,Downloaded (2031.15 KB),"cu, lithium",25
1801.09763v1,Battery-like Supercapacitors from Vertically Aligned Carbon Nanofibers Coated Diamond: Design and Demonstrator,2018,"physics.app-ph, cond-mat.mtrl-sci","battery-like supercapacitors feature high power and energy densities as well
as long-term capacitance retention. the utilized capacitor electrodes are thus
better to have large surface areas, high con...",http://arxiv.org/pdf/1801.09763v1,Downloaded (1367.86 KB),"deposition, copper, battery",38
2407.21392v2,Strain rate sensitivity of a Cu/Al$_2$O$_3$ multi-layered thin film,2024,cond-mat.mtrl-sci,"to study the size and strain rate dependency of copper polycrystalline
microstructures, a multi-layered copper/al$_2$o$_3$ thin film was deposited on
a si substrate using a hybrid deposition system (c...",http://arxiv.org/pdf/2407.21392v2,Downloaded (37739.70 KB),"deposition, cu, copper",38
2207.01133v1,High-Capacity Rechargeable $Li/Cl_2$ Batteries with Graphite Positive Electrodes,2022,physics.app-ph,"developing new types of high-capacity and high-energy density rechargeable
battery is important to future generations of consumer electronics, electric
vehicles, and mass energy storage applications. ...",http://arxiv.org/pdf/2207.01133v1,Downloaded (3175.07 KB),"deposition, battery, lithium",38
2206.14013v1,Semiconductor-like Optical Properties Unveiled by Modeling of Short-Period Aluminum Oxide-Copper Multi-Layered Nanocomposites Deposited by Sputtering Atomic Layer Augmented Deposition (SALAD),2022,"cond-mat.mtrl-sci, physics.app-ph, physics.optics","in our previous publication, we discussed the optical properties of
multi-layered nanocomposite samples consisting of 300 pairs of an alox layer
and a cu layer produced from sputtering atomic layer au...",http://arxiv.org/pdf/2206.14013v1,Downloaded (1275.29 KB),"deposition, cu, copper",38
2301.07348v1,Positional and Rotational Molecular Degrees of Freedom in a Metal-Organic Surface Alloy: the Copper-Fullerene System and its Multiple Structural Phases,2023,cond-mat.mtrl-sci,"mixing two chemical elements at the surface of a substrate is known to
produce rich phase diagrams of surface alloys. here, we extend the concept of
surface alloying to the case where the two constitu...",http://arxiv.org/pdf/2301.07348v1,Downloaded (6838.89 KB),"cu, copper",25
1308.4467v1,Chemically gated electronic structure of a superconducting doped topological insulator system,2013,"cond-mat.supr-con, cond-mat.mes-hall","angle resolved photoemission spectroscopy is used to observe changes in the
electronic structure of bulk-doped topological insulator cu$_x$bi$_2$se$_3$ as
additional copper atoms are deposited onto th...",http://arxiv.org/pdf/1308.4467v1,Downloaded (869.81 KB),"cu, copper",25
1112.1894v1,With no Color and Scent (part II): Metal and Alloy Microstructures-Handmade Replicas of Natural Objects,2011,"cond-mat.mtrl-sci, cond-mat.mes-hall","as a continuation of work on metal and alloy ""plants"" synthesis on porous
membranes by means of pulsed current electroplating volume metallic
microstructures resembling such natural objects as shells,...",http://arxiv.org/pdf/1112.1894v1,Downloaded (1345.33 KB),"cu, electroplating",25
2006.06667v1,Synthesis of large-area rhombohedral few-layer graphene by chemical vapor deposition on copper,2020,cond-mat.mtrl-sci,"rhombohedral-stacked few-layer graphene (flg) has been receiving an
ever-increasing attention owing to its peculiar electronic properties that
could lead to enticing phenomena such as superconductivit...",http://arxiv.org/pdf/2006.06667v1,Downloaded (4352.98 KB),"deposition, cu, copper",38
1012.0701v1,Large Scale Synthesis of Bi-layer Graphene in Strongly Coupled Stacking Order,2010,cond-mat.mtrl-sci,"large scale synthesis of single layer graphene (slg) by chemical vapor
deposition (cvd) has received a lot of attention recently. however, cvd
synthesis of ab stacked bi-layer graphene (blg) is still ...",http://arxiv.org/pdf/1012.0701v1,Downloaded (927.48 KB),"deposition, cu, copper",38
1811.01029v3,Quantifying Inactive Lithium in Lithium Metal Batteries,2018,cond-mat.mtrl-sci,"inactive lithium (li) formation is the immediate cause of capacity loss and
catastrophic failure of li metal batteries. however, the chemical component and
the atomic level structure of inactive li ha...",http://arxiv.org/pdf/1811.01029v3,Downloaded (953.91 KB),"deposition, cu, lithium",38
1709.02918v1,Three-Dimensional Solid-State Lithium-Ion Batteries Fabricated Via Conformal Vapor-Phase Chemistry,2017,"physics.chem-ph, physics.app-ph","thin film solid state lithium-based batteries (tssbs) are increasingly
attractive for their intrinsic safety due to the use of a nonflammable solid
electrolyte, cycling stability, and ability to be ea...",http://arxiv.org/pdf/1709.02918v1,Downloaded (5176.52 KB),"deposition, cu, battery, lithium",50
2003.08294v1,Functionalized MXenes as Effective Polyselenides Immobilizer for Lithium-Selenium Batteries: A Density Functional Theory (DFT) Study,2020,cond-mat.mtrl-sci,"the practical applications of lithium selenium (li-se) batteries are impeded
primarily due to the dissolution and migration of higher order polyselenides
(li2sen) into the electrolyte (known as shuttl...",http://arxiv.org/pdf/2003.08294v1,Downloaded (2424.71 KB),"deposition, cu, battery, lithium",50
2212.11678v1,"Nanostructuring Strategies for Silicon-based Anodes in Lithium-ion Batteries: Tuning Areal Silicon Loading, SEI Formation/Irreversible Capacity Loss, Rate Capability Retention and Electrode Durability",2022,"cond-mat.mtrl-sci, physics.chem-ph","silicon is one of the most promising anode materials for lithium-ion
batteries. silicon endures volume changes upon cycling, which leads to
subsequent pulverization and capacity fading. these drawback...",http://arxiv.org/pdf/2212.11678v1,Downloaded (2565.38 KB),"deposition, cu, lithium",38
1501.06189v1,Effect of Stacking Fault Energy on Mechanism of Plastic Deformation in Nanotwinned FCC Metals,2015,cond-mat.mtrl-sci,"starting from a semi-empirical potential designed for cu, we developed a
series of potentials that provide essentially constant values of all
significant (calculated) materials properties except for t...",http://arxiv.org/pdf/1501.06189v1,Downloaded (1097.23 KB),"nanotwinned, cu",25
1710.00102v1,Spatial Heterogeneities and Onset of Passivation Breakdown at Lithium Anode Interfaces,2017,cond-mat.mtrl-sci,"effective passivation of lithium metal surfaces, and prevention of
battery-shorting lithium dendrite growth, are critical for implementing
lithium-metal-anodes for batteries with increased power densi...",http://arxiv.org/pdf/1710.00102v1,Downloaded (1131.68 KB),"cu, battery, lithium",38
2501.10954v5,Interactive Multiscale Modeling to Bridge Atomic Properties and Electrochemical Performance in Li-CO$_2$ Battery Design,2025,cond-mat.mtrl-sci,"li-co$_2$ batteries show promise as energy storage solutions, offering high
theoretical energy density and co$_2$ fixation. their operation is based on the
formation and decomposition of li$_2$co$_3$/...",http://arxiv.org/pdf/2501.10954v5,Downloaded (7384.44 KB),"deposition, cu, battery, lithium",50
0807.2974v3,Electroplating of conformal electrodes for vacuum nanogap tunnel junction,2008,cond-mat.mes-hall,"in this study, we electroplate cu electrode on si substrate to realize a
large-area vacuum nanogap for electron tunneling. we used cathode coating,
cathode rotation, asymmetric current regime, and ele...",http://arxiv.org/pdf/0807.2974v3,Downloaded (763.23 KB),"cu, electroplating",25
1507.06613v1,Effect of high oxygen pressure annealing on superconducting Nd1.85Ce0.15CuO4 thin films by pulsed laser deposition from Cu-enriched targets,2015,"cond-mat.supr-con, cond-mat.mtrl-sci","we show that the quality of nd1.85ce0.15cuo4 films grown by pulsed laser
deposition can be enhanced by using a non-stoichiometric target with extra
copper added to suppress the formation of a parasiti...",http://arxiv.org/pdf/1507.06613v1,Downloaded (918.45 KB),"deposition, cu, copper",38
1101.1753v2,Reduction of magnetostatic interactions in self-organized arrays of nickel nanowires using atomic layer deposition,2011,cond-mat.mtrl-sci,"ordered arrays of magnetic nanowires are commonly synthesized by
electrodeposition in nanoporous alumina templates. due to their dense packing,
strong magnetostatic interactions prevent the manipulati...",http://arxiv.org/pdf/1101.1753v2,Downloaded (510.25 KB),"deposition, electrodeposition",25
1201.4069v1,First-principles studies of the effects of impurities on the ionic and electronic conduction in LiFePO$_{4}$,2012,cond-mat.mtrl-sci,"olivine-type lifepo$_{4}$ is widely considered as a candidate for li-ion
battery electrodes, yet its applicability in the pristine state is limited due
to poor ionic and electronic conduction. doping ...",http://arxiv.org/pdf/1201.4069v1,Downloaded (1440.52 KB),"cu, battery, lithium",38
2012.06854v1,Limiting Regimes for Electron-Beam Induced Deposition of Copper from Aqueous Solutions Containing Surfactants,2020,physics.app-ph,"focused electron beam induced deposition of pure materials from aqueous
solutions has been of interest in recent years. however, controlling the liquid
film in partial vacuum is challenging. here we m...",http://arxiv.org/pdf/2012.06854v1,Downloaded (1476.87 KB),"deposition, cu, copper",38
2109.00083v1,Electrodeposited WS$_2$ Monolayers on Fabricated Graphene Electrodes,2021,"physics.app-ph, cond-mat.mtrl-sci","the development of scalable techniques to make 2d material heterostructures
is a major obstacle that needs to be overcome before these materials can be
implemented in device technologies industrially....",http://arxiv.org/pdf/2109.00083v1,Downloaded (789.35 KB),"deposition, cu, electrodeposition",38
1112.2145v1,Anomaly of Film Porosity Dependence on Deposition Rate,2011,cond-mat.mtrl-sci,"this letter reports an anomaly of film porosity dependence on deposition rate
during physical vapor deposition - the porosity increases as deposition rate
decreases. using glancing angle deposition of...",http://arxiv.org/pdf/1112.2145v1,Downloaded (437.96 KB),"deposition, cu",25
0305253v1,Studies on Fabrication of Ag/HgBaCaCuO/CdSe Heterostructures by Pulse-Electrodeposition Route,2003,"cond-mat.supr-con, cond-mat.mes-hall","metal/superconductor/semiconductor (ag/hgbacacuo/cdse) heterostructures have
been successfully fabricated using pulse-electrodeposition technique. the
electrochemical parameters are optimized and diff...",http://arxiv.org/pdf/cond-mat/0305253v1,Downloaded (164.78 KB),"deposition, cu, electrodeposition",38
2407.14946v1,Microstructure-Dependent Particulate Filtration using Multifunctional Metallic Nanowire Foams,2024,"physics.app-ph, cond-mat.mes-hall","the covid-19 pandemic has shown the urgent need for the development of
efficient, durable, reusable and recyclable filtration media for the
deep-submicron size range. here we demonstrate a multifuncti...",http://arxiv.org/pdf/2407.14946v1,Downloaded (2601.38 KB),"deposition, cu, electrodeposition",38
2504.11861v1,Visualization Analysis and Impedance Analysis for the Aging Behavior Assessment of 18650 Cells,2025,"cond-mat.mtrl-sci, physics.app-ph","this work presents a comprehensive study on the aging behavior of 18650-type
lithium-ion batteries, focusing on the uneven intercalation of lithium ions
during fast charging processes. it introduces a...",http://arxiv.org/pdf/2504.11861v1,Downloaded (2956.46 KB),"cu, battery, lithium",38
2401.01434v1,Operando Plasma-XPS for Process Monitoring: Hydrogenation of Copper Oxide Confined Under h-BN Case Study,2024,cond-mat.mtrl-sci,"we demonstrate that ambient pressure x-ray photoelectron spectroscopy (apxps)
can be used for in situ studies of dynamic changes in surface chemistry in a
plasma environment. hexagonal boron nitride (...",http://arxiv.org/pdf/2401.01434v1,Downloaded (681.76 KB),"deposition, cu, copper",38
1910.02118v2,Stack Pressure Considerations for Room Temperature All-Solid-State Lithium Metal Batteries,2019,"physics.app-ph, cond-mat.mtrl-sci","all-solid-state batteries are expected to enable batteries with high energy
density with the use of lithium metal anodes. although solid electrolytes are
believed to be mechanically strong enough to p...",http://arxiv.org/pdf/1910.02118v2,Downloaded (2020.66 KB),"cu, lithium",25
1104.4715v1,Towards wafer scale fabrication of graphene based spin valve devices,2011,cond-mat.mes-hall,"we demonstrate injection, transport and detection of spins in spin valve
arrays patterned in both copper based chemical vapor deposition (cu-cvd)
synthesized wafer scale single layer (slg) and bilayer...",http://arxiv.org/pdf/1104.4715v1,Downloaded (3779.19 KB),"deposition, cu, copper",38
1608.07007v1,Resistive Switching in Aqueous Nanopores by Shock Electrodeposition,2016,physics.chem-ph,"solid-state programmable metallization cells have attracted considerable
attention as memristive elements for redox-based resistive random access memory
(reram) for low-power and low-voltage applicati...",http://arxiv.org/pdf/1608.07007v1,Downloaded (852.73 KB),"deposition, copper, electrodeposition",38
1808.09838v1,Synthesizing Cu-Sn nanowires alloy in highly-ordered Aluminum Oxide templates by using electrodeposition method,2018,"physics.app-ph, cond-mat.mtrl-sci","in this research a novel and simple electrochemical method is developed in
order to facilitate the large-scale production of nanowires. the proposed
electrochemical technique shows versatile controlla...",http://arxiv.org/pdf/1808.09838v1,Downloaded (5333.76 KB),"deposition, cu, electrodeposition",38
2502.18938v1,Influence of Chemistry and Topography on the Wettability of Copper,2025,"cond-mat.mtrl-sci, physics.chem-ph","to understand the complex interplay of topography and surface chemistry in
wetting, fundamental studies investigating both parameters are needed. due to
the sensitivity of wetting to miniscule changes...",http://arxiv.org/pdf/2502.18938v1,Downloaded (835.88 KB),"deposition, cu, copper",38
